id,domain,concept,prerequisites,enables,first_mission,minimum_viable_understanding,defer_until_later
K001,Computing,program execution,,variables | files | CLI,M38,"Can explain program execution in plain language, recognize it in a working system, and use it at the depth required by the current mission.","Formal proofs, specialist variants, and advanced implementation details unless they block the current mission."
K002,Computing,variables,program execution,strings and text | numbers and strings | lists | dictionaries | conditionals | functions | function,M03,"Can explain variables in plain language, recognize it in a working system, and use it at the depth required by the current mission.","Formal proofs, specialist variants, and advanced implementation details unless they block the current mission."
KTXT,Computing,strings and text,variables,,,"Can explain strings and text in plain language, recognize it in a working system, and use it at the depth required by the current mission.","Formal proofs, specialist variants, and advanced implementation details unless they block the current mission."
K003,Computing,numbers and strings,variables,numerical precision | coordinate,,"Can explain numbers and strings in plain language, recognize it in a working system, and use it at the depth required by the current mission.","Formal proofs, specialist variants, and advanced implementation details unless they block the current mission."
K004,Computing,lists,variables,loops | array,M03,"Can explain lists in plain language, recognize it in a working system, and use it at the depth required by the current mission.","Formal proofs, specialist variants, and advanced implementation details unless they block the current mission."
K005,Computing,dictionaries,variables,,M03,"Can explain dictionaries in plain language, recognize it in a working system, and use it at the depth required by the current mission.","Formal proofs, specialist variants, and advanced implementation details unless they block the current mission."
K006,Computing,conditionals,variables,functions,,"Can explain conditionals in plain language, recognize it in a working system, and use it at the depth required by the current mission.","Formal proofs, specialist variants, and advanced implementation details unless they block the current mission."
K007,Computing,loops,lists,,M03,"Can explain loops in plain language, recognize it in a working system, and use it at the depth required by the current mission.","Formal proofs, specialist variants, and advanced implementation details unless they block the current mission."
K008,Computing,functions,variables | conditionals,modules | exceptions | classes | functions as interfaces | testing | refactoring,M03,"Can explain functions in plain language, recognize it in a working system, and use it at the depth required by the current mission.","Formal proofs, specialist variants, and advanced implementation details unless they block the current mission."
K009,Computing,modules,functions,imports | refactoring,,"Can explain modules in plain language, recognize it in a working system, and use it at the depth required by the current mission.","Formal proofs, specialist variants, and advanced implementation details unless they block the current mission."
K010,Computing,imports,modules,packages,M03,"Can explain imports in plain language, recognize it in a working system, and use it at the depth required by the current mission.","Formal proofs, specialist variants, and advanced implementation details unless they block the current mission."
K011,Computing,packages,imports,virtual environments,,"Can explain packages in plain language, recognize it in a working system, and use it at the depth required by the current mission.","Formal proofs, specialist variants, and advanced implementation details unless they block the current mission."
K012,Computing,virtual environments,packages,reproducibility,,"Can explain virtual environments in plain language, recognize it in a working system, and use it at the depth required by the current mission.","Formal proofs, specialist variants, and advanced implementation details unless they block the current mission."
K013,Computing,files,program execution,CSV | JSON | Git | document ingestion,,"Can explain files in plain language, recognize it in a working system, and use it at the depth required by the current mission.","Formal proofs, specialist variants, and advanced implementation details unless they block the current mission."
K014,Computing,CSV,files,DataFrame,,"Can explain CSV in plain language, recognize it in a working system, and use it at the depth required by the current mission.","Formal proofs, specialist variants, and advanced implementation details unless they block the current mission."
K015,Computing,JSON,files,HTTP | APIs | tool schema | agent state,M37,"Can explain JSON in plain language, recognize it in a working system, and use it at the depth required by the current mission.","Formal proofs, specialist variants, and advanced implementation details unless they block the current mission."
K016,Computing,exceptions,functions,fallback,,"Can explain exceptions in plain language, recognize it in a working system, and use it at the depth required by the current mission.","Formal proofs, specialist variants, and advanced implementation details unless they block the current mission."
K017,Computing,classes,functions,objects | nn.Module,,"Can explain classes in plain language, recognize it in a working system, and use it at the depth required by the current mission.","Formal proofs, specialist variants, and advanced implementation details unless they block the current mission."
K018,Computing,objects,classes,,,"Can explain objects in plain language, recognize it in a working system, and use it at the depth required by the current mission.","Formal proofs, specialist variants, and advanced implementation details unless they block the current mission."
K019,Computing,CLI,program execution,shell paths,M13,"Can explain CLI in plain language, recognize it in a working system, and use it at the depth required by the current mission.","Formal proofs, specialist variants, and advanced implementation details unless they block the current mission."
K020,Computing,shell paths,CLI,,,"Can explain shell paths in plain language, recognize it in a working system, and use it at the depth required by the current mission.","Formal proofs, specialist variants, and advanced implementation details unless they block the current mission."
K021,Computing,Git,files,reproducibility,M32,"Can explain Git in plain language, recognize it in a working system, and use it at the depth required by the current mission.","Formal proofs, specialist variants, and advanced implementation details unless they block the current mission."
K022,Computing,HTTP,JSON,APIs,,"Can explain HTTP in plain language, recognize it in a working system, and use it at the depth required by the current mission.","Formal proofs, specialist variants, and advanced implementation details unless they block the current mission."
K023,Computing,APIs,HTTP | JSON,tool schema | latency | cost | system boundary,,"Can explain APIs in plain language, recognize it in a working system, and use it at the depth required by the current mission.","Formal proofs, specialist variants, and advanced implementation details unless they block the current mission."
K024,Computing,functions as interfaces,functions,workflow,M03,"Can explain functions as interfaces in plain language, recognize it in a working system, and use it at the depth required by the current mission.","Formal proofs, specialist variants, and advanced implementation details unless they block the current mission."
K025,Computing,testing,functions,evaluation set | tracing,M18,"Can explain testing in plain language, recognize it in a working system, and use it at the depth required by the current mission.","Formal proofs, specialist variants, and advanced implementation details unless they block the current mission."
K026,Computing,refactoring,functions | modules,,,"Can explain refactoring in plain language, recognize it in a working system, and use it at the depth required by the current mission.","Formal proofs, specialist variants, and advanced implementation details unless they block the current mission."
K027,Computing,reproducibility,virtual environments | Git,random seed,M07,"Can explain reproducibility in plain language, recognize it in a working system, and use it at the depth required by the current mission.","Formal proofs, specialist variants, and advanced implementation details unless they block the current mission."
K028,Data,DataFrame,CSV,Series | data types | missing data | filtering | sorting | groupby | joins | reshaping | feature engineering | visualization | labels | population and sample | batch | Dataset,M04,"Can explain DataFrame in plain language, recognize it in a working system, and use it at the depth required by the current mission.","Formal proofs, specialist variants, and advanced implementation details unless they block the current mission."
K029,Data,Series,DataFrame,,,"Can explain Series in plain language, recognize it in a working system, and use it at the depth required by the current mission.","Formal proofs, specialist variants, and advanced implementation details unless they block the current mission."
K030,Data,data types,DataFrame,,M04,"Can explain data types in plain language, recognize it in a working system, and use it at the depth required by the current mission.","Formal proofs, specialist variants, and advanced implementation details unless they block the current mission."
K031,Data,missing data,DataFrame,,M04,"Can explain missing data in plain language, recognize it in a working system, and use it at the depth required by the current mission.","Formal proofs, specialist variants, and advanced implementation details unless they block the current mission."
K032,Data,filtering,DataFrame,,M04,"Can explain filtering in plain language, recognize it in a working system, and use it at the depth required by the current mission.","Formal proofs, specialist variants, and advanced implementation details unless they block the current mission."
K033,Data,sorting,DataFrame,,,"Can explain sorting in plain language, recognize it in a working system, and use it at the depth required by the current mission.","Formal proofs, specialist variants, and advanced implementation details unless they block the current mission."
K034,Data,groupby,DataFrame,,M04,"Can explain groupby in plain language, recognize it in a working system, and use it at the depth required by the current mission.","Formal proofs, specialist variants, and advanced implementation details unless they block the current mission."
K035,Data,joins,DataFrame,,,"Can explain joins in plain language, recognize it in a working system, and use it at the depth required by the current mission.","Formal proofs, specialist variants, and advanced implementation details unless they block the current mission."
K036,Data,reshaping,DataFrame,,,"Can explain reshaping in plain language, recognize it in a working system, and use it at the depth required by the current mission.","Formal proofs, specialist variants, and advanced implementation details unless they block the current mission."
K037,Data,feature engineering,DataFrame,data leakage | data pipeline | features,M02,"Can explain feature engineering in plain language, recognize it in a working system, and use it at the depth required by the current mission.","Formal proofs, specialist variants, and advanced implementation details unless they block the current mission."
K038,Data,data leakage,feature engineering,train-test split,,"Can explain data leakage in plain language, recognize it in a working system, and use it at the depth required by the current mission.","Formal proofs, specialist variants, and advanced implementation details unless they block the current mission."
K039,Data,train-test split,data leakage,cross-validation | data pipeline | generalization,M07,"Can explain train-test split in plain language, recognize it in a working system, and use it at the depth required by the current mission.","Formal proofs, specialist variants, and advanced implementation details unless they block the current mission."
K040,Data,cross-validation,train-test split,,,"Can explain cross-validation in plain language, recognize it in a working system, and use it at the depth required by the current mission.","Formal proofs, specialist variants, and advanced implementation details unless they block the current mission."
K041,Data,visualization,DataFrame,histogram | scatter plot | bar chart | line chart,M06,"Can explain visualization in plain language, recognize it in a working system, and use it at the depth required by the current mission.","Formal proofs, specialist variants, and advanced implementation details unless they block the current mission."
K042,Data,histogram,visualization,,M06,"Can explain histogram in plain language, recognize it in a working system, and use it at the depth required by the current mission.","Formal proofs, specialist variants, and advanced implementation details unless they block the current mission."
K043,Data,scatter plot,visualization,outliers,M06,"Can explain scatter plot in plain language, recognize it in a working system, and use it at the depth required by the current mission.","Formal proofs, specialist variants, and advanced implementation details unless they block the current mission."
K044,Data,bar chart,visualization,,M06,"Can explain bar chart in plain language, recognize it in a working system, and use it at the depth required by the current mission.","Formal proofs, specialist variants, and advanced implementation details unless they block the current mission."
K045,Data,line chart,visualization,,M06,"Can explain line chart in plain language, recognize it in a working system, and use it at the depth required by the current mission.","Formal proofs, specialist variants, and advanced implementation details unless they block the current mission."
K046,Data,outliers,scatter plot,,M06,"Can explain outliers in plain language, recognize it in a working system, and use it at the depth required by the current mission.","Formal proofs, specialist variants, and advanced implementation details unless they block the current mission."
K047,Data,data pipeline,feature engineering | train-test split,privacy,M07,"Can explain data pipeline in plain language, recognize it in a working system, and use it at the depth required by the current mission.","Formal proofs, specialist variants, and advanced implementation details unless they block the current mission."
K048,Numerical Computing,array,lists,shape | indexing | vectorized operation | tensor | vector | matrix,M05,"Can explain array in plain language, recognize it in a working system, and use it at the depth required by the current mission.","Formal proofs, specialist variants, and advanced implementation details unless they block the current mission."
K049,Numerical Computing,shape,array,dimension | broadcasting | matrix,M05,"Can explain shape in plain language, recognize it in a working system, and use it at the depth required by the current mission.","Formal proofs, specialist variants, and advanced implementation details unless they block the current mission."
K050,Numerical Computing,dimension,shape,tensor,M05,"Can explain dimension in plain language, recognize it in a working system, and use it at the depth required by the current mission.","Formal proofs, specialist variants, and advanced implementation details unless they block the current mission."
K051,Numerical Computing,indexing,array,,M05,"Can explain indexing in plain language, recognize it in a working system, and use it at the depth required by the current mission.","Formal proofs, specialist variants, and advanced implementation details unless they block the current mission."
K052,Numerical Computing,vectorized operation,array,broadcasting,,"Can explain vectorized operation in plain language, recognize it in a working system, and use it at the depth required by the current mission.","Formal proofs, specialist variants, and advanced implementation details unless they block the current mission."
K053,Numerical Computing,broadcasting,shape | vectorized operation,,M05,"Can explain broadcasting in plain language, recognize it in a working system, and use it at the depth required by the current mission.","Formal proofs, specialist variants, and advanced implementation details unless they block the current mission."
K054,Numerical Computing,tensor,array | dimension,PyTorch tensor,M25,"Can explain tensor in plain language, recognize it in a working system, and use it at the depth required by the current mission.","Formal proofs, specialist variants, and advanced implementation details unless they block the current mission."
K055,Numerical Computing,numerical precision,numbers and strings,,M10,"Can explain numerical precision in plain language, recognize it in a working system, and use it at the depth required by the current mission.","Formal proofs, specialist variants, and advanced implementation details unless they block the current mission."
K056,Numerical Computing,random seed,reproducibility,,M12,"Can explain random seed in plain language, recognize it in a working system, and use it at the depth required by the current mission.","Formal proofs, specialist variants, and advanced implementation details unless they block the current mission."
K057,Machine Learning,features,feature engineering,model | regression | classification | clustering | dimensionality reduction,M02,"Can explain features in plain language, recognize it in a working system, and use it at the depth required by the current mission.","Formal proofs, specialist variants, and advanced implementation details unless they block the current mission."
K058,Machine Learning,labels,DataFrame,model | loss function,M02,"Can explain labels in plain language, recognize it in a working system, and use it at the depth required by the current mission.","Formal proofs, specialist variants, and advanced implementation details unless they block the current mission."
K059,Machine Learning,model,features | labels,parameter | hyperparameter | training,M01,"Can explain model in plain language, recognize it in a working system, and use it at the depth required by the current mission.","Formal proofs, specialist variants, and advanced implementation details unless they block the current mission."
K060,Machine Learning,parameter,model,,,"Can explain parameter in plain language, recognize it in a working system, and use it at the depth required by the current mission.","Formal proofs, specialist variants, and advanced implementation details unless they block the current mission."
K061,Machine Learning,hyperparameter,model,,,"Can explain hyperparameter in plain language, recognize it in a working system, and use it at the depth required by the current mission.","Formal proofs, specialist variants, and advanced implementation details unless they block the current mission."
K062,Machine Learning,training,model,inference | epoch | fine-tuning,M02,"Can explain training in plain language, recognize it in a working system, and use it at the depth required by the current mission.","Formal proofs, specialist variants, and advanced implementation details unless they block the current mission."
K063,Machine Learning,inference,training,prediction,M02,"Can explain inference in plain language, recognize it in a working system, and use it at the depth required by the current mission.","Formal proofs, specialist variants, and advanced implementation details unless they block the current mission."
K064,Machine Learning,prediction,inference,loss function | baseline | regression | classification,M02,"Can explain prediction in plain language, recognize it in a working system, and use it at the depth required by the current mission.","Formal proofs, specialist variants, and advanced implementation details unless they block the current mission."
K065,Machine Learning,loss function,prediction | labels,objective function,M03,"Can explain loss function in plain language, recognize it in a working system, and use it at the depth required by the current mission.","Formal proofs, specialist variants, and advanced implementation details unless they block the current mission."
K066,Machine Learning,baseline,prediction,,M07,"Can explain baseline in plain language, recognize it in a working system, and use it at the depth required by the current mission.","Formal proofs, specialist variants, and advanced implementation details unless they block the current mission."
K067,Machine Learning,generalization,train-test split,overfitting | underfitting,,"Can explain generalization in plain language, recognize it in a working system, and use it at the depth required by the current mission.","Formal proofs, specialist variants, and advanced implementation details unless they block the current mission."
K068,Machine Learning,overfitting,generalization,regularization | pruning,M26,"Can explain overfitting in plain language, recognize it in a working system, and use it at the depth required by the current mission.","Formal proofs, specialist variants, and advanced implementation details unless they block the current mission."
K069,Machine Learning,underfitting,generalization,,,"Can explain underfitting in plain language, recognize it in a working system, and use it at the depth required by the current mission.","Formal proofs, specialist variants, and advanced implementation details unless they block the current mission."
K070,Machine Learning,regularization,overfitting,dropout | weight decay,M26,"Can explain regularization in plain language, recognize it in a working system, and use it at the depth required by the current mission.","Formal proofs, specialist variants, and advanced implementation details unless they block the current mission."
K071,Machine Learning,regression,features | prediction,linear regression,M08,"Can explain regression in plain language, recognize it in a working system, and use it at the depth required by the current mission.","Formal proofs, specialist variants, and advanced implementation details unless they block the current mission."
K072,Machine Learning,linear regression,regression,residual | neuron,M08,"Can explain linear regression in plain language, recognize it in a working system, and use it at the depth required by the current mission.","Formal proofs, specialist variants, and advanced implementation details unless they block the current mission."
K073,Machine Learning,residual,linear regression,mean absolute error | mean squared error,M08,"Can explain residual in plain language, recognize it in a working system, and use it at the depth required by the current mission.","Formal proofs, specialist variants, and advanced implementation details unless they block the current mission."
K074,Machine Learning,mean absolute error,residual,,M08,"Can explain mean absolute error in plain language, recognize it in a working system, and use it at the depth required by the current mission.","Formal proofs, specialist variants, and advanced implementation details unless they block the current mission."
K075,Machine Learning,mean squared error,residual,,M08,"Can explain mean squared error in plain language, recognize it in a working system, and use it at the depth required by the current mission.","Formal proofs, specialist variants, and advanced implementation details unless they block the current mission."
K076,Machine Learning,classification,features | prediction,binary classification | decision tree | KNN,M09,"Can explain classification in plain language, recognize it in a working system, and use it at the depth required by the current mission.","Formal proofs, specialist variants, and advanced implementation details unless they block the current mission."
K077,Machine Learning,binary classification,classification,logistic regression | classification threshold,M09,"Can explain binary classification in plain language, recognize it in a working system, and use it at the depth required by the current mission.","Formal proofs, specialist variants, and advanced implementation details unless they block the current mission."
K078,Machine Learning,logistic regression,binary classification,sigmoid,M08,"Can explain logistic regression in plain language, recognize it in a working system, and use it at the depth required by the current mission.","Formal proofs, specialist variants, and advanced implementation details unless they block the current mission."
K079,Machine Learning,sigmoid,logistic regression,,M09,"Can explain sigmoid in plain language, recognize it in a working system, and use it at the depth required by the current mission.","Formal proofs, specialist variants, and advanced implementation details unless they block the current mission."
K080,Machine Learning,classification threshold,binary classification,confusion matrix | ROC curve,M09,"Can explain classification threshold in plain language, recognize it in a working system, and use it at the depth required by the current mission.","Formal proofs, specialist variants, and advanced implementation details unless they block the current mission."
K081,Machine Learning,confusion matrix,classification threshold,precision | recall,M10,"Can explain confusion matrix in plain language, recognize it in a working system, and use it at the depth required by the current mission.","Formal proofs, specialist variants, and advanced implementation details unless they block the current mission."
K082,Machine Learning,precision,confusion matrix,F1 score,M10,"Can explain precision in plain language, recognize it in a working system, and use it at the depth required by the current mission.","Formal proofs, specialist variants, and advanced implementation details unless they block the current mission."
K083,Machine Learning,recall,confusion matrix,F1 score,M10,"Can explain recall in plain language, recognize it in a working system, and use it at the depth required by the current mission.","Formal proofs, specialist variants, and advanced implementation details unless they block the current mission."
K084,Machine Learning,F1 score,precision | recall,,,"Can explain F1 score in plain language, recognize it in a working system, and use it at the depth required by the current mission.","Formal proofs, specialist variants, and advanced implementation details unless they block the current mission."
K085,Machine Learning,ROC curve,classification threshold,AUC,,"Can explain ROC curve in plain language, recognize it in a working system, and use it at the depth required by the current mission.","Formal proofs, specialist variants, and advanced implementation details unless they block the current mission."
K086,Machine Learning,AUC,ROC curve,,M10,"Can explain AUC in plain language, recognize it in a working system, and use it at the depth required by the current mission.","Formal proofs, specialist variants, and advanced implementation details unless they block the current mission."
K087,Machine Learning,decision tree,classification,tree split | pruning | bagging | boosting,M11,"Can explain decision tree in plain language, recognize it in a working system, and use it at the depth required by the current mission.","Formal proofs, specialist variants, and advanced implementation details unless they block the current mission."
K088,Machine Learning,tree split,decision tree,Gini impurity | entropy split,M07,"Can explain tree split in plain language, recognize it in a working system, and use it at the depth required by the current mission.","Formal proofs, specialist variants, and advanced implementation details unless they block the current mission."
K089,Machine Learning,Gini impurity,tree split,,M11,"Can explain Gini impurity in plain language, recognize it in a working system, and use it at the depth required by the current mission.","Formal proofs, specialist variants, and advanced implementation details unless they block the current mission."
K090,Machine Learning,entropy split,tree split,,M07,"Can explain entropy split in plain language, recognize it in a working system, and use it at the depth required by the current mission.","Formal proofs, specialist variants, and advanced implementation details unless they block the current mission."
K091,Machine Learning,pruning,decision tree | overfitting,,M11,"Can explain pruning in plain language, recognize it in a working system, and use it at the depth required by the current mission.","Formal proofs, specialist variants, and advanced implementation details unless they block the current mission."
K092,Machine Learning,bagging,decision tree,random forest,M12,"Can explain bagging in plain language, recognize it in a working system, and use it at the depth required by the current mission.","Formal proofs, specialist variants, and advanced implementation details unless they block the current mission."
K093,Machine Learning,random forest,bagging,,M12,"Can explain random forest in plain language, recognize it in a working system, and use it at the depth required by the current mission.","Formal proofs, specialist variants, and advanced implementation details unless they block the current mission."
K094,Machine Learning,boosting,decision tree,gradient boosting,M12,"Can explain boosting in plain language, recognize it in a working system, and use it at the depth required by the current mission.","Formal proofs, specialist variants, and advanced implementation details unless they block the current mission."
K095,Machine Learning,gradient boosting,boosting,,M12,"Can explain gradient boosting in plain language, recognize it in a working system, and use it at the depth required by the current mission.","Formal proofs, specialist variants, and advanced implementation details unless they block the current mission."
K096,Machine Learning,KNN,classification,feature scaling,M13,"Can explain KNN in plain language, recognize it in a working system, and use it at the depth required by the current mission.","Formal proofs, specialist variants, and advanced implementation details unless they block the current mission."
K097,Machine Learning,feature scaling,KNN,,M02,"Can explain feature scaling in plain language, recognize it in a working system, and use it at the depth required by the current mission.","Formal proofs, specialist variants, and advanced implementation details unless they block the current mission."
K098,Machine Learning,clustering,features,K-means | hierarchical clustering | DBSCAN,M14,"Can explain clustering in plain language, recognize it in a working system, and use it at the depth required by the current mission.","Formal proofs, specialist variants, and advanced implementation details unless they block the current mission."
K099,Machine Learning,K-means,clustering,centroid,M14,"Can explain K-means in plain language, recognize it in a working system, and use it at the depth required by the current mission.","Formal proofs, specialist variants, and advanced implementation details unless they block the current mission."
K100,Machine Learning,centroid,K-means,,M14,"Can explain centroid in plain language, recognize it in a working system, and use it at the depth required by the current mission.","Formal proofs, specialist variants, and advanced implementation details unless they block the current mission."
K101,Machine Learning,hierarchical clustering,clustering,,M14,"Can explain hierarchical clustering in plain language, recognize it in a working system, and use it at the depth required by the current mission.","Formal proofs, specialist variants, and advanced implementation details unless they block the current mission."
K102,Machine Learning,DBSCAN,clustering,,M14,"Can explain DBSCAN in plain language, recognize it in a working system, and use it at the depth required by the current mission.","Formal proofs, specialist variants, and advanced implementation details unless they block the current mission."
K103,Machine Learning,dimensionality reduction,features,PCA,M13,"Can explain dimensionality reduction in plain language, recognize it in a working system, and use it at the depth required by the current mission.","Formal proofs, specialist variants, and advanced implementation details unless they block the current mission."
K104,Machine Learning,PCA,dimensionality reduction,,,"Can explain PCA in plain language, recognize it in a working system, and use it at the depth required by the current mission.","Formal proofs, specialist variants, and advanced implementation details unless they block the current mission."
K105,Mathematics,coordinate,numbers and strings,vector,,"Can explain coordinate in plain language, recognize it in a working system, and use it at the depth required by the current mission.","Formal proofs, specialist variants, and advanced implementation details unless they block the current mission."
K106,Mathematics,vector,coordinate | array,vector magnitude | vector direction | dot product | matrix multiplication | basis | gradient | embedding,M05,"Can explain vector in plain language, recognize it in a working system, and use it at the depth required by the current mission.","Formal proofs, specialist variants, and advanced implementation details unless they block the current mission."
K107,Mathematics,vector magnitude,vector,cosine similarity,M05,"Can explain vector magnitude in plain language, recognize it in a working system, and use it at the depth required by the current mission.","Formal proofs, specialist variants, and advanced implementation details unless they block the current mission."
K108,Mathematics,vector direction,vector,,M05,"Can explain vector direction in plain language, recognize it in a working system, and use it at the depth required by the current mission.","Formal proofs, specialist variants, and advanced implementation details unless they block the current mission."
K109,Mathematics,dot product,vector,cosine similarity | projection | weighted sum | attention score,M15,"Can explain dot product in plain language, recognize it in a working system, and use it at the depth required by the current mission.","Formal proofs, specialist variants, and advanced implementation details unless they block the current mission."
K110,Mathematics,cosine similarity,dot product | vector magnitude,semantic similarity | semantic search | nearest neighbor search,M15,"Can explain cosine similarity in plain language, recognize it in a working system, and use it at the depth required by the current mission.","Formal proofs, specialist variants, and advanced implementation details unless they block the current mission."
K111,Mathematics,matrix,array | shape,matrix multiplication | transpose | rank | SVD,M10,"Can explain matrix in plain language, recognize it in a working system, and use it at the depth required by the current mission.","Formal proofs, specialist variants, and advanced implementation details unless they block the current mission."
K112,Mathematics,matrix multiplication,matrix | vector,linear transformation | scaled dot-product attention,M10,"Can explain matrix multiplication in plain language, recognize it in a working system, and use it at the depth required by the current mission.","Formal proofs, specialist variants, and advanced implementation details unless they block the current mission."
K113,Mathematics,transpose,matrix,,M16,"Can explain transpose in plain language, recognize it in a working system, and use it at the depth required by the current mission.","Formal proofs, specialist variants, and advanced implementation details unless they block the current mission."
K114,Mathematics,linear transformation,matrix multiplication,eigenvector,M08,"Can explain linear transformation in plain language, recognize it in a working system, and use it at the depth required by the current mission.","Formal proofs, specialist variants, and advanced implementation details unless they block the current mission."
K115,Mathematics,projection,dot product,,M16,"Can explain projection in plain language, recognize it in a working system, and use it at the depth required by the current mission.","Formal proofs, specialist variants, and advanced implementation details unless they block the current mission."
K116,Mathematics,basis,vector,,,"Can explain basis in plain language, recognize it in a working system, and use it at the depth required by the current mission.","Formal proofs, specialist variants, and advanced implementation details unless they block the current mission."
K117,Mathematics,rank,matrix,SVD,M16,"Can explain rank in plain language, recognize it in a working system, and use it at the depth required by the current mission.","Formal proofs, specialist variants, and advanced implementation details unless they block the current mission."
K118,Mathematics,eigenvector,linear transformation,,,"Can explain eigenvector in plain language, recognize it in a working system, and use it at the depth required by the current mission.","Formal proofs, specialist variants, and advanced implementation details unless they block the current mission."
K119,Mathematics,SVD,matrix | rank,,,"Can explain SVD in plain language, recognize it in a working system, and use it at the depth required by the current mission.","Formal proofs, specialist variants, and advanced implementation details unless they block the current mission."
K120,Mathematics,random variable,probability,,M03,"Can explain random variable in plain language, recognize it in a working system, and use it at the depth required by the current mission.","Formal proofs, specialist variants, and advanced implementation details unless they block the current mission."
K121,Mathematics,probability,,random variable | distribution | conditional probability | likelihood | hypothesis test | information | softmax,M09,"Can explain probability in plain language, recognize it in a working system, and use it at the depth required by the current mission.","Formal proofs, specialist variants, and advanced implementation details unless they block the current mission."
K122,Mathematics,distribution,probability,expectation | entropy,M06,"Can explain distribution in plain language, recognize it in a working system, and use it at the depth required by the current mission.","Formal proofs, specialist variants, and advanced implementation details unless they block the current mission."
K123,Mathematics,expectation,distribution,variance,M17,"Can explain expectation in plain language, recognize it in a working system, and use it at the depth required by the current mission.","Formal proofs, specialist variants, and advanced implementation details unless they block the current mission."
K124,Mathematics,variance,expectation,standard deviation | correlation,M12,"Can explain variance in plain language, recognize it in a working system, and use it at the depth required by the current mission.","Formal proofs, specialist variants, and advanced implementation details unless they block the current mission."
K125,Mathematics,conditional probability,probability,Bayes theorem,M09,"Can explain conditional probability in plain language, recognize it in a working system, and use it at the depth required by the current mission.","Formal proofs, specialist variants, and advanced implementation details unless they block the current mission."
K126,Mathematics,Bayes theorem,conditional probability,,M17,"Can explain Bayes theorem in plain language, recognize it in a working system, and use it at the depth required by the current mission.","Formal proofs, specialist variants, and advanced implementation details unless they block the current mission."
K127,Mathematics,likelihood,probability,,,"Can explain likelihood in plain language, recognize it in a working system, and use it at the depth required by the current mission.","Formal proofs, specialist variants, and advanced implementation details unless they block the current mission."
K128,Mathematics,population and sample,DataFrame,standard error | hypothesis test,M18,"Can explain population and sample in plain language, recognize it in a working system, and use it at the depth required by the current mission.","Formal proofs, specialist variants, and advanced implementation details unless they block the current mission."
K129,Mathematics,standard deviation,variance,standard error,M18,"Can explain standard deviation in plain language, recognize it in a working system, and use it at the depth required by the current mission.","Formal proofs, specialist variants, and advanced implementation details unless they block the current mission."
K130,Mathematics,standard error,standard deviation | population and sample,confidence interval,M08,"Can explain standard error in plain language, recognize it in a working system, and use it at the depth required by the current mission.","Formal proofs, specialist variants, and advanced implementation details unless they block the current mission."
K131,Mathematics,confidence interval,standard error,,M18,"Can explain confidence interval in plain language, recognize it in a working system, and use it at the depth required by the current mission.","Formal proofs, specialist variants, and advanced implementation details unless they block the current mission."
K132,Mathematics,correlation,variance,,M18,"Can explain correlation in plain language, recognize it in a working system, and use it at the depth required by the current mission.","Formal proofs, specialist variants, and advanced implementation details unless they block the current mission."
K133,Mathematics,hypothesis test,population and sample | probability,,M18,"Can explain hypothesis test in plain language, recognize it in a working system, and use it at the depth required by the current mission.","Formal proofs, specialist variants, and advanced implementation details unless they block the current mission."
K134,Mathematics,function,variables,slope | computational graph,M03,"Can explain function in plain language, recognize it in a working system, and use it at the depth required by the current mission.","Formal proofs, specialist variants, and advanced implementation details unless they block the current mission."
K135,Mathematics,slope,function,derivative,M08,"Can explain slope in plain language, recognize it in a working system, and use it at the depth required by the current mission.","Formal proofs, specialist variants, and advanced implementation details unless they block the current mission."
K136,Mathematics,derivative,slope,partial derivative | chain rule,M19,"Can explain derivative in plain language, recognize it in a working system, and use it at the depth required by the current mission.","Formal proofs, specialist variants, and advanced implementation details unless they block the current mission."
K137,Mathematics,partial derivative,derivative,gradient,M19,"Can explain partial derivative in plain language, recognize it in a working system, and use it at the depth required by the current mission.","Formal proofs, specialist variants, and advanced implementation details unless they block the current mission."
K138,Mathematics,gradient,partial derivative | vector,gradient descent,M19,"Can explain gradient in plain language, recognize it in a working system, and use it at the depth required by the current mission.","Formal proofs, specialist variants, and advanced implementation details unless they block the current mission."
K139,Mathematics,chain rule,derivative,backpropagation,M19,"Can explain chain rule in plain language, recognize it in a working system, and use it at the depth required by the current mission.","Formal proofs, specialist variants, and advanced implementation details unless they block the current mission."
K140,Mathematics,objective function,loss function,gradient descent,M03,"Can explain objective function in plain language, recognize it in a working system, and use it at the depth required by the current mission.","Formal proofs, specialist variants, and advanced implementation details unless they block the current mission."
K141,Mathematics,gradient descent,gradient | objective function,learning rate | SGD | optimizer,M19,"Can explain gradient descent in plain language, recognize it in a working system, and use it at the depth required by the current mission.","Formal proofs, specialist variants, and advanced implementation details unless they block the current mission."
K142,Mathematics,learning rate,gradient descent,,M01,"Can explain learning rate in plain language, recognize it in a working system, and use it at the depth required by the current mission.","Formal proofs, specialist variants, and advanced implementation details unless they block the current mission."
K143,Mathematics,SGD,gradient descent,momentum,M20,"Can explain SGD in plain language, recognize it in a working system, and use it at the depth required by the current mission.","Formal proofs, specialist variants, and advanced implementation details unless they block the current mission."
K144,Mathematics,momentum,SGD,Adam,M20,"Can explain momentum in plain language, recognize it in a working system, and use it at the depth required by the current mission.","Formal proofs, specialist variants, and advanced implementation details unless they block the current mission."
K145,Mathematics,Adam,momentum,,M20,"Can explain Adam in plain language, recognize it in a working system, and use it at the depth required by the current mission.","Formal proofs, specialist variants, and advanced implementation details unless they block the current mission."
K146,Mathematics,information,probability,entropy,M11,"Can explain information in plain language, recognize it in a working system, and use it at the depth required by the current mission.","Formal proofs, specialist variants, and advanced implementation details unless they block the current mission."
K147,Mathematics,entropy,information | distribution,cross-entropy,M11,"Can explain entropy in plain language, recognize it in a working system, and use it at the depth required by the current mission.","Formal proofs, specialist variants, and advanced implementation details unless they block the current mission."
K148,Mathematics,cross-entropy,entropy,KL divergence | pretraining,M31,"Can explain cross-entropy in plain language, recognize it in a working system, and use it at the depth required by the current mission.","Formal proofs, specialist variants, and advanced implementation details unless they block the current mission."
K149,Mathematics,KL divergence,cross-entropy,,,"Can explain KL divergence in plain language, recognize it in a working system, and use it at the depth required by the current mission.","Formal proofs, specialist variants, and advanced implementation details unless they block the current mission."
K150,Deep Learning,neuron,linear regression,weighted sum | bias term | neural layer,M22,"Can explain neuron in plain language, recognize it in a working system, and use it at the depth required by the current mission.","Formal proofs, specialist variants, and advanced implementation details unless they block the current mission."
K151,Deep Learning,weighted sum,neuron | dot product,activation function,M22,"Can explain weighted sum in plain language, recognize it in a working system, and use it at the depth required by the current mission.","Formal proofs, specialist variants, and advanced implementation details unless they block the current mission."
K152,Deep Learning,bias term,neuron,,,"Can explain bias term in plain language, recognize it in a working system, and use it at the depth required by the current mission.","Formal proofs, specialist variants, and advanced implementation details unless they block the current mission."
K153,Deep Learning,activation function,weighted sum,ReLU,M03,"Can explain activation function in plain language, recognize it in a working system, and use it at the depth required by the current mission.","Formal proofs, specialist variants, and advanced implementation details unless they block the current mission."
K154,Deep Learning,ReLU,activation function,,M22,"Can explain ReLU in plain language, recognize it in a working system, and use it at the depth required by the current mission.","Formal proofs, specialist variants, and advanced implementation details unless they block the current mission."
K155,Deep Learning,neural layer,neuron,neural network | normalization | residual connection | logits,M21,"Can explain neural layer in plain language, recognize it in a working system, and use it at the depth required by the current mission.","Formal proofs, specialist variants, and advanced implementation details unless they block the current mission."
K156,Deep Learning,neural network,neural layer,forward pass | weight initialization | nn.Module | feed-forward network,M21,"Can explain neural network in plain language, recognize it in a working system, and use it at the depth required by the current mission.","Formal proofs, specialist variants, and advanced implementation details unless they block the current mission."
K157,Deep Learning,forward pass,neural network,,M23,"Can explain forward pass in plain language, recognize it in a working system, and use it at the depth required by the current mission.","Formal proofs, specialist variants, and advanced implementation details unless they block the current mission."
K158,Deep Learning,batch,DataFrame,DataLoader,M21,"Can explain batch in plain language, recognize it in a working system, and use it at the depth required by the current mission.","Formal proofs, specialist variants, and advanced implementation details unless they block the current mission."
K159,Deep Learning,epoch,training,,M21,"Can explain epoch in plain language, recognize it in a working system, and use it at the depth required by the current mission.","Formal proofs, specialist variants, and advanced implementation details unless they block the current mission."
K160,Deep Learning,computational graph,function,backpropagation,M24,"Can explain computational graph in plain language, recognize it in a working system, and use it at the depth required by the current mission.","Formal proofs, specialist variants, and advanced implementation details unless they block the current mission."
K161,Deep Learning,backpropagation,chain rule | computational graph,automatic differentiation,M24,"Can explain backpropagation in plain language, recognize it in a working system, and use it at the depth required by the current mission.","Formal proofs, specialist variants, and advanced implementation details unless they block the current mission."
K162,Deep Learning,automatic differentiation,backpropagation,,,"Can explain automatic differentiation in plain language, recognize it in a working system, and use it at the depth required by the current mission.","Formal proofs, specialist variants, and advanced implementation details unless they block the current mission."
K163,Deep Learning,weight initialization,neural network,,M22,"Can explain weight initialization in plain language, recognize it in a working system, and use it at the depth required by the current mission.","Formal proofs, specialist variants, and advanced implementation details unless they block the current mission."
K164,Deep Learning,dropout,regularization,,M26,"Can explain dropout in plain language, recognize it in a working system, and use it at the depth required by the current mission.","Formal proofs, specialist variants, and advanced implementation details unless they block the current mission."
K165,Deep Learning,weight decay,regularization,,M22,"Can explain weight decay in plain language, recognize it in a working system, and use it at the depth required by the current mission.","Formal proofs, specialist variants, and advanced implementation details unless they block the current mission."
K166,Deep Learning,normalization,neural layer,layer normalization,M26,"Can explain normalization in plain language, recognize it in a working system, and use it at the depth required by the current mission.","Formal proofs, specialist variants, and advanced implementation details unless they block the current mission."
K167,Deep Learning,PyTorch tensor,tensor,,M25,"Can explain PyTorch tensor in plain language, recognize it in a working system, and use it at the depth required by the current mission.","Formal proofs, specialist variants, and advanced implementation details unless they block the current mission."
K168,Deep Learning,Dataset,DataFrame,DataLoader,M25,"Can explain Dataset in plain language, recognize it in a working system, and use it at the depth required by the current mission.","Formal proofs, specialist variants, and advanced implementation details unless they block the current mission."
K169,Deep Learning,DataLoader,Dataset | batch,,M25,"Can explain DataLoader in plain language, recognize it in a working system, and use it at the depth required by the current mission.","Formal proofs, specialist variants, and advanced implementation details unless they block the current mission."
K170,Deep Learning,nn.Module,classes | neural network,,M25,"Can explain nn.Module in plain language, recognize it in a working system, and use it at the depth required by the current mission.","Formal proofs, specialist variants, and advanced implementation details unless they block the current mission."
K171,Deep Learning,optimizer,gradient descent,,M25,"Can explain optimizer in plain language, recognize it in a working system, and use it at the depth required by the current mission.","Formal proofs, specialist variants, and advanced implementation details unless they block the current mission."
K172,Foundation Models,tokenization,,vocabulary,M27,"Can explain tokenization in plain language, recognize it in a working system, and use it at the depth required by the current mission.","Formal proofs, specialist variants, and advanced implementation details unless they block the current mission."
K173,Foundation Models,vocabulary,tokenization,subword token | token ID,M27,"Can explain vocabulary in plain language, recognize it in a working system, and use it at the depth required by the current mission.","Formal proofs, specialist variants, and advanced implementation details unless they block the current mission."
K174,Foundation Models,subword token,vocabulary,BPE,M27,"Can explain subword token in plain language, recognize it in a working system, and use it at the depth required by the current mission.","Formal proofs, specialist variants, and advanced implementation details unless they block the current mission."
K175,Foundation Models,BPE,subword token,,M27,"Can explain BPE in plain language, recognize it in a working system, and use it at the depth required by the current mission.","Formal proofs, specialist variants, and advanced implementation details unless they block the current mission."
K176,Foundation Models,token ID,vocabulary,context window | positional information | next-token prediction,M27,"Can explain token ID in plain language, recognize it in a working system, and use it at the depth required by the current mission.","Formal proofs, specialist variants, and advanced implementation details unless they block the current mission."
K177,Foundation Models,context window,token ID,,M27,"Can explain context window in plain language, recognize it in a working system, and use it at the depth required by the current mission.","Formal proofs, specialist variants, and advanced implementation details unless they block the current mission."
K178,Foundation Models,embedding,vector,semantic similarity | representation learning | query vector | key vector | value vector | embedding pipeline | bi-encoder,M15,"Can explain embedding in plain language, recognize it in a working system, and use it at the depth required by the current mission.","Formal proofs, specialist variants, and advanced implementation details unless they block the current mission."
K179,Foundation Models,semantic similarity,embedding | cosine similarity,,M15,"Can explain semantic similarity in plain language, recognize it in a working system, and use it at the depth required by the current mission.","Formal proofs, specialist variants, and advanced implementation details unless they block the current mission."
K180,Foundation Models,representation learning,embedding,,M01,"Can explain representation learning in plain language, recognize it in a working system, and use it at the depth required by the current mission.","Formal proofs, specialist variants, and advanced implementation details unless they block the current mission."
K181,Foundation Models,query vector,embedding,attention score,M05,"Can explain query vector in plain language, recognize it in a working system, and use it at the depth required by the current mission.","Formal proofs, specialist variants, and advanced implementation details unless they block the current mission."
K182,Foundation Models,key vector,embedding,attention score,M05,"Can explain key vector in plain language, recognize it in a working system, and use it at the depth required by the current mission.","Formal proofs, specialist variants, and advanced implementation details unless they block the current mission."
K183,Foundation Models,value vector,embedding,attention,M04,"Can explain value vector in plain language, recognize it in a working system, and use it at the depth required by the current mission.","Formal proofs, specialist variants, and advanced implementation details unless they block the current mission."
K184,Foundation Models,attention score,query vector | key vector | dot product,attention weight,M29,"Can explain attention score in plain language, recognize it in a working system, and use it at the depth required by the current mission.","Formal proofs, specialist variants, and advanced implementation details unless they block the current mission."
K185,Foundation Models,softmax,probability,attention weight | temperature,M29,"Can explain softmax in plain language, recognize it in a working system, and use it at the depth required by the current mission.","Formal proofs, specialist variants, and advanced implementation details unless they block the current mission."
K186,Foundation Models,attention weight,attention score | softmax,attention,M22,"Can explain attention weight in plain language, recognize it in a working system, and use it at the depth required by the current mission.","Formal proofs, specialist variants, and advanced implementation details unless they block the current mission."
K187,Foundation Models,attention,attention weight | value vector,scaled dot-product attention | causal mask,M29,"Can explain attention in plain language, recognize it in a working system, and use it at the depth required by the current mission.","Formal proofs, specialist variants, and advanced implementation details unless they block the current mission."
K188,Foundation Models,scaled dot-product attention,attention | matrix multiplication,multi-head attention,M29,"Can explain scaled dot-product attention in plain language, recognize it in a working system, and use it at the depth required by the current mission.","Formal proofs, specialist variants, and advanced implementation details unless they block the current mission."
K189,Foundation Models,multi-head attention,scaled dot-product attention,transformer block,M29,"Can explain multi-head attention in plain language, recognize it in a working system, and use it at the depth required by the current mission.","Formal proofs, specialist variants, and advanced implementation details unless they block the current mission."
K190,Foundation Models,feed-forward network,neural network,transformer block,M21,"Can explain feed-forward network in plain language, recognize it in a working system, and use it at the depth required by the current mission.","Formal proofs, specialist variants, and advanced implementation details unless they block the current mission."
K191,Foundation Models,residual connection,neural layer,transformer block,M08,"Can explain residual connection in plain language, recognize it in a working system, and use it at the depth required by the current mission.","Formal proofs, specialist variants, and advanced implementation details unless they block the current mission."
K192,Foundation Models,layer normalization,normalization,transformer block,M21,"Can explain layer normalization in plain language, recognize it in a working system, and use it at the depth required by the current mission.","Formal proofs, specialist variants, and advanced implementation details unless they block the current mission."
K193,Foundation Models,positional information,token ID,,M11,"Can explain positional information in plain language, recognize it in a working system, and use it at the depth required by the current mission.","Formal proofs, specialist variants, and advanced implementation details unless they block the current mission."
K194,Foundation Models,causal mask,attention,,,"Can explain causal mask in plain language, recognize it in a working system, and use it at the depth required by the current mission.","Formal proofs, specialist variants, and advanced implementation details unless they block the current mission."
K195,Foundation Models,transformer block,multi-head attention | feed-forward network | residual connection | layer normalization,transformer,M30,"Can explain transformer block in plain language, recognize it in a working system, and use it at the depth required by the current mission.","Formal proofs, specialist variants, and advanced implementation details unless they block the current mission."
K196,Foundation Models,transformer,transformer block,next-token prediction | cross-encoder | RAG | tool calling | LLM judge,M30,"Can explain transformer in plain language, recognize it in a working system, and use it at the depth required by the current mission.","Formal proofs, specialist variants, and advanced implementation details unless they block the current mission."
K197,Foundation Models,next-token prediction,transformer | token ID,pretraining,M02,"Can explain next-token prediction in plain language, recognize it in a working system, and use it at the depth required by the current mission.","Formal proofs, specialist variants, and advanced implementation details unless they block the current mission."
K198,Foundation Models,pretraining,next-token prediction | cross-entropy,instruction tuning,M31,"Can explain pretraining in plain language, recognize it in a working system, and use it at the depth required by the current mission.","Formal proofs, specialist variants, and advanced implementation details unless they block the current mission."
K199,Foundation Models,logits,neural layer,temperature | top-k sampling | top-p sampling,M32,"Can explain logits in plain language, recognize it in a working system, and use it at the depth required by the current mission.","Formal proofs, specialist variants, and advanced implementation details unless they block the current mission."
K200,Foundation Models,temperature,logits | softmax,,M32,"Can explain temperature in plain language, recognize it in a working system, and use it at the depth required by the current mission.","Formal proofs, specialist variants, and advanced implementation details unless they block the current mission."
K201,Foundation Models,top-k sampling,logits,,M32,"Can explain top-k sampling in plain language, recognize it in a working system, and use it at the depth required by the current mission.","Formal proofs, specialist variants, and advanced implementation details unless they block the current mission."
K202,Foundation Models,top-p sampling,logits,,M32,"Can explain top-p sampling in plain language, recognize it in a working system, and use it at the depth required by the current mission.","Formal proofs, specialist variants, and advanced implementation details unless they block the current mission."
K203,Foundation Models,instruction tuning,pretraining,,M32,"Can explain instruction tuning in plain language, recognize it in a working system, and use it at the depth required by the current mission.","Formal proofs, specialist variants, and advanced implementation details unless they block the current mission."
K204,Foundation Models,fine-tuning,training,LoRA,M32,"Can explain fine-tuning in plain language, recognize it in a working system, and use it at the depth required by the current mission.","Formal proofs, specialist variants, and advanced implementation details unless they block the current mission."
K205,Foundation Models,LoRA,fine-tuning,QLoRA,M32,"Can explain LoRA in plain language, recognize it in a working system, and use it at the depth required by the current mission.","Formal proofs, specialist variants, and advanced implementation details unless they block the current mission."
K206,Foundation Models,QLoRA,LoRA,,M32,"Can explain QLoRA in plain language, recognize it in a working system, and use it at the depth required by the current mission.","Formal proofs, specialist variants, and advanced implementation details unless they block the current mission."
K207,AI Systems,document ingestion,files,chunking | BM25,,"Can explain document ingestion in plain language, recognize it in a working system, and use it at the depth required by the current mission.","Formal proofs, specialist variants, and advanced implementation details unless they block the current mission."
K208,AI Systems,chunking,document ingestion,embedding pipeline,M33,"Can explain chunking in plain language, recognize it in a working system, and use it at the depth required by the current mission.","Formal proofs, specialist variants, and advanced implementation details unless they block the current mission."
K209,AI Systems,embedding pipeline,chunking | embedding,vector index,M07,"Can explain embedding pipeline in plain language, recognize it in a working system, and use it at the depth required by the current mission.","Formal proofs, specialist variants, and advanced implementation details unless they block the current mission."
K210,AI Systems,vector index,embedding pipeline,semantic search | metadata filter | vector database,M05,"Can explain vector index in plain language, recognize it in a working system, and use it at the depth required by the current mission.","Formal proofs, specialist variants, and advanced implementation details unless they block the current mission."
K211,AI Systems,semantic search,vector index | cosine similarity,top-k retrieval | hybrid retrieval,M28,"Can explain semantic search in plain language, recognize it in a working system, and use it at the depth required by the current mission.","Formal proofs, specialist variants, and advanced implementation details unless they block the current mission."
K212,AI Systems,top-k retrieval,semantic search,reranking | retrieval recall | RAG,M32,"Can explain top-k retrieval in plain language, recognize it in a working system, and use it at the depth required by the current mission.","Formal proofs, specialist variants, and advanced implementation details unless they block the current mission."
K213,AI Systems,metadata filter,vector index,,M04,"Can explain metadata filter in plain language, recognize it in a working system, and use it at the depth required by the current mission.","Formal proofs, specialist variants, and advanced implementation details unless they block the current mission."
K214,AI Systems,reranking,top-k retrieval,ranking precision,M35,"Can explain reranking in plain language, recognize it in a working system, and use it at the depth required by the current mission.","Formal proofs, specialist variants, and advanced implementation details unless they block the current mission."
K215,AI Systems,bi-encoder,embedding,,M35,"Can explain bi-encoder in plain language, recognize it in a working system, and use it at the depth required by the current mission.","Formal proofs, specialist variants, and advanced implementation details unless they block the current mission."
K216,AI Systems,cross-encoder,transformer,,M35,"Can explain cross-encoder in plain language, recognize it in a working system, and use it at the depth required by the current mission.","Formal proofs, specialist variants, and advanced implementation details unless they block the current mission."
K217,AI Systems,retrieval recall,top-k retrieval,,M10,"Can explain retrieval recall in plain language, recognize it in a working system, and use it at the depth required by the current mission.","Formal proofs, specialist variants, and advanced implementation details unless they block the current mission."
K218,AI Systems,ranking precision,reranking,,M10,"Can explain ranking precision in plain language, recognize it in a working system, and use it at the depth required by the current mission.","Formal proofs, specialist variants, and advanced implementation details unless they block the current mission."
K219,AI Systems,RAG,top-k retrieval | transformer,context construction | answerability,M01,"Can explain RAG in plain language, recognize it in a working system, and use it at the depth required by the current mission.","Formal proofs, specialist variants, and advanced implementation details unless they block the current mission."
K220,AI Systems,context construction,RAG,grounding,M27,"Can explain context construction in plain language, recognize it in a working system, and use it at the depth required by the current mission.","Formal proofs, specialist variants, and advanced implementation details unless they block the current mission."
K221,AI Systems,grounding,context construction,,M34,"Can explain grounding in plain language, recognize it in a working system, and use it at the depth required by the current mission.","Formal proofs, specialist variants, and advanced implementation details unless they block the current mission."
K222,AI Systems,answerability,RAG,,,"Can explain answerability in plain language, recognize it in a working system, and use it at the depth required by the current mission.","Formal proofs, specialist variants, and advanced implementation details unless they block the current mission."
K223,AI Systems,vector database,vector index,,M05,"Can explain vector database in plain language, recognize it in a working system, and use it at the depth required by the current mission.","Formal proofs, specialist variants, and advanced implementation details unless they block the current mission."
K224,AI Systems,nearest neighbor search,cosine similarity,approximate nearest neighbor,M13,"Can explain nearest neighbor search in plain language, recognize it in a working system, and use it at the depth required by the current mission.","Formal proofs, specialist variants, and advanced implementation details unless they block the current mission."
K225,AI Systems,approximate nearest neighbor,nearest neighbor search,HNSW,M13,"Can explain approximate nearest neighbor in plain language, recognize it in a working system, and use it at the depth required by the current mission.","Formal proofs, specialist variants, and advanced implementation details unless they block the current mission."
K226,AI Systems,HNSW,approximate nearest neighbor,,M36,"Can explain HNSW in plain language, recognize it in a working system, and use it at the depth required by the current mission.","Formal proofs, specialist variants, and advanced implementation details unless they block the current mission."
K227,AI Systems,BM25,document ingestion,hybrid retrieval,M36,"Can explain BM25 in plain language, recognize it in a working system, and use it at the depth required by the current mission.","Formal proofs, specialist variants, and advanced implementation details unless they block the current mission."
K228,AI Systems,hybrid retrieval,BM25 | semantic search,,M34,"Can explain hybrid retrieval in plain language, recognize it in a working system, and use it at the depth required by the current mission.","Formal proofs, specialist variants, and advanced implementation details unless they block the current mission."
K229,AI Systems,tool schema,JSON | APIs,tool calling,M37,"Can explain tool schema in plain language, recognize it in a working system, and use it at the depth required by the current mission.","Formal proofs, specialist variants, and advanced implementation details unless they block the current mission."
K230,AI Systems,tool calling,tool schema | transformer,tool validation | agent,M37,"Can explain tool calling in plain language, recognize it in a working system, and use it at the depth required by the current mission.","Formal proofs, specialist variants, and advanced implementation details unless they block the current mission."
K231,AI Systems,tool validation,tool calling,,M37,"Can explain tool validation in plain language, recognize it in a working system, and use it at the depth required by the current mission.","Formal proofs, specialist variants, and advanced implementation details unless they block the current mission."
K232,AI Systems,agent state,JSON,memory,M01,"Can explain agent state in plain language, recognize it in a working system, and use it at the depth required by the current mission.","Formal proofs, specialist variants, and advanced implementation details unless they block the current mission."
K233,AI Systems,workflow,functions as interfaces,agent | stop condition | routing,M38,"Can explain workflow in plain language, recognize it in a working system, and use it at the depth required by the current mission.","Formal proofs, specialist variants, and advanced implementation details unless they block the current mission."
K234,AI Systems,agent,tool calling | workflow,planning,M01,"Can explain agent in plain language, recognize it in a working system, and use it at the depth required by the current mission.","Formal proofs, specialist variants, and advanced implementation details unless they block the current mission."
K235,AI Systems,planning,agent,,M38,"Can explain planning in plain language, recognize it in a working system, and use it at the depth required by the current mission.","Formal proofs, specialist variants, and advanced implementation details unless they block the current mission."
K236,AI Systems,stop condition,workflow,,M03,"Can explain stop condition in plain language, recognize it in a working system, and use it at the depth required by the current mission.","Formal proofs, specialist variants, and advanced implementation details unless they block the current mission."
K237,AI Systems,memory,agent state,,M39,"Can explain memory in plain language, recognize it in a working system, and use it at the depth required by the current mission.","Formal proofs, specialist variants, and advanced implementation details unless they block the current mission."
K238,AI Systems,routing,workflow,fallback,M39,"Can explain routing in plain language, recognize it in a working system, and use it at the depth required by the current mission.","Formal proofs, specialist variants, and advanced implementation details unless they block the current mission."
K239,AI Systems,fallback,exceptions | routing,graceful degradation,M39,"Can explain fallback in plain language, recognize it in a working system, and use it at the depth required by the current mission.","Formal proofs, specialist variants, and advanced implementation details unless they block the current mission."
K240,AI Systems,evaluation set,testing,rubric | regression evaluation,M02,"Can explain evaluation set in plain language, recognize it in a working system, and use it at the depth required by the current mission.","Formal proofs, specialist variants, and advanced implementation details unless they block the current mission."
K241,AI Systems,rubric,evaluation set,LLM judge | human evaluation,M40,"Can explain rubric in plain language, recognize it in a working system, and use it at the depth required by the current mission.","Formal proofs, specialist variants, and advanced implementation details unless they block the current mission."
K242,AI Systems,LLM judge,rubric | transformer,,M40,"Can explain LLM judge in plain language, recognize it in a working system, and use it at the depth required by the current mission.","Formal proofs, specialist variants, and advanced implementation details unless they block the current mission."
K243,AI Systems,human evaluation,rubric,,M02,"Can explain human evaluation in plain language, recognize it in a working system, and use it at the depth required by the current mission.","Formal proofs, specialist variants, and advanced implementation details unless they block the current mission."
K244,AI Systems,tracing,testing,observability,M40,"Can explain tracing in plain language, recognize it in a working system, and use it at the depth required by the current mission.","Formal proofs, specialist variants, and advanced implementation details unless they block the current mission."
K245,AI Systems,regression evaluation,evaluation set,,M02,"Can explain regression evaluation in plain language, recognize it in a working system, and use it at the depth required by the current mission.","Formal proofs, specialist variants, and advanced implementation details unless they block the current mission."
K246,AI Systems,observability,tracing,,M40,"Can explain observability in plain language, recognize it in a working system, and use it at the depth required by the current mission.","Formal proofs, specialist variants, and advanced implementation details unless they block the current mission."
K247,AI Systems,latency,APIs,,M41,"Can explain latency in plain language, recognize it in a working system, and use it at the depth required by the current mission.","Formal proofs, specialist variants, and advanced implementation details unless they block the current mission."
K248,AI Systems,cost,APIs,,M41,"Can explain cost in plain language, recognize it in a working system, and use it at the depth required by the current mission.","Formal proofs, specialist variants, and advanced implementation details unless they block the current mission."
K249,AI Systems,privacy,data pipeline,,M41,"Can explain privacy in plain language, recognize it in a working system, and use it at the depth required by the current mission.","Formal proofs, specialist variants, and advanced implementation details unless they block the current mission."
K250,AI Systems,system boundary,APIs,architecture diagram,,"Can explain system boundary in plain language, recognize it in a working system, and use it at the depth required by the current mission.","Formal proofs, specialist variants, and advanced implementation details unless they block the current mission."
K251,AI Systems,graceful degradation,fallback,,M39,"Can explain graceful degradation in plain language, recognize it in a working system, and use it at the depth required by the current mission.","Formal proofs, specialist variants, and advanced implementation details unless they block the current mission."
K252,AI Systems,architecture diagram,system boundary,,M41,"Can explain architecture diagram in plain language, recognize it in a working system, and use it at the depth required by the current mission.","Formal proofs, specialist variants, and advanced implementation details unless they block the current mission."
